id,unit_sales
125497040,1.01979493901991
125497041,1.75900156372751
125497042,0
125497043,1.68321221315307
125497044,3.31609181073414
125497045,5.95106392684707
125497046,10.2039737176758
125497047,0
125497048,1.83465662915393
125497049,1.36890238361988
